<?xml version="1.0" encoding="UTF-8" ?>

<!DOCTYPE tiles-definitions PUBLIC
       "-//Apache Software Foundation//DTD Tiles Configuration 2.0//EN"
       "http://tiles.apache.org/dtds/tiles-config_2_0.dtd">

<tiles-definitions>

  <definition name="baseLayout" template="/index.jsp">
      <put-attribute name="title"  value="Base"/>
       <put-attribute name="criteriaResults"  value=""/>
        <put-attribute name="distanceStats"   value=""/>     
      <put-attribute name="stats"   value=""/>
       <put-attribute name="statsCurrent"   value=""/>
  </definition>
  
  <definition name="welcome" extends="baseLayout">
      <put-attribute name="title"  value="Welcome"/>
      <put-attribute name="stats"   value="/filterAndPredicPerformance.jsp"/>   
       <put-attribute name="statsCurrent"   value="/generalStats.jsp"/>   
  </definition>
  
  <definition name="first" extends="baseLayout">
      <put-attribute name="title"  value="First"/>
      <put-attribute name="stats"   value="/stats.jsp"/> 
      <put-attribute name="statsCurrent"   value="/statsCurrent.jsp"/>        
  </definition>
  
  <definition name="second" extends="baseLayout">
      <put-attribute name="title"  value="Second"/>
      <put-attribute name="stats"   value="/stats.jsp"/> 
       <put-attribute name="statsCurrent"   value="/statsCurrent.jsp"/>             
  </definition>
  
  <definition name="third" extends="baseLayout">
      <put-attribute name="title"  value="Third"/>
      <put-attribute name="stats"   value="/stats.jsp"/>   
       <put-attribute name="statsCurrent"   value="/statsCurrent.jsp"/>           
  </definition>
  
  <definition name="fourth" extends="baseLayout">
      <put-attribute name="title"  value="Fourth"/>
      <put-attribute name="stats"   value="/stats.jsp"/>   
       <put-attribute name="statsCurrent"   value="/statsCurrent.jsp"/>           
  </definition>
  
  <definition name="fifth" extends="baseLayout">
      <put-attribute name="title"  value="Fifth"/>
      <put-attribute name="stats"   value="/stats.jsp"/>  
       <put-attribute name="statsCurrent"   value="/statsCurrent.jsp"/>            
  </definition>
  
  <definition name="mega" extends="baseLayout">
      <put-attribute name="title"  value="Mega"/>
      <put-attribute name="stats"   value="/stats.jsp"/>    
       <put-attribute name="statsCurrent"   value="/statsCurrent.jsp"/>          
  </definition>
  
   <definition name="aggregate" extends="baseLayout">
      <put-attribute name="title"  value="Aggregate"/>
      <put-attribute name="stats"   value="/statsAggregate.jsp"/>    
       <put-attribute name="statsCurrent"   value="/statsCurrentAggregate.jsp"/>          
  </definition>
  
  <definition name="observation" extends="baseLayout">
      <put-attribute name="title"  value="Observations"/>
      <put-attribute name="stats"   value="/statsObservations.jsp"/>    
       <put-attribute name="statsCurrent"   value="/statsCurrentWithObs.jsp"/>          
  </definition>
  
  <definition name="criteriaResult" extends="baseLayout">
      <put-attribute name="title"  value="Results"/>
      <put-attribute name="criteriaResults"   value="/statsCriteriaResults.jsp"/>    
        
  </definition>
  
  <definition name="distance" extends="baseLayout">
      <put-attribute name="title"  value="Distance Analysis"/>
      <put-attribute name="distanceStats"   value="/statsDistance.jsp"/>    
        
  </definition>
  
  
  
</tiles-definitions>