<!DOCTYPE struts PUBLIC
"-//Apache Software Foundation//DTD Struts Configuration 2.0//EN"
"http://struts.apache.org/dtds/struts-2.0.dtd">

<struts>
	<package name="default" extends="struts-default">
		<result-types>
			<result-type name="tiles" class="org.apache.struts2.views.tiles.TilesResult" />
		</result-types>
		<action name="*Link" method="{1}" class="com.num.generator.action.LinkAction">
			<result name="welcome" type="tiles">welcome</result>
			<result name="first" type="tiles">first</result>
			<result name="second" type="tiles">second</result>
			<result name="third" type="tiles">third</result>
			<result name="fourth" type="tiles">fourth</result>
			<result name="fifth" type="tiles">fifth</result>
			<result name="mega" type="tiles">mega</result>
			<result name="aggregate" type="tiles">aggregate</result>
			<result name="observation" type="tiles">observation</result>
			<result name="criteriaResult" type="tiles">criteriaResult</result>
			<result name="distance" type="tiles">distance</result>
		</action>
		
		
		<action name="*Chart" class="com.num.generator.action.ChartAction" method="execute">
			<result name="success">jqPlot2.jsp</result>
		</action>
		
		<action name="*MineResults" class="com.num.generator.action.MineResultsAction" method="execute">
			<result name="success">mineResults.jsp</result>
		</action>
		
		<action name="*ObsMap" class="com.num.generator.action.ObservationsMapAction" method="execute">
			<result name="success">obsMap.jsp</result>
		</action>
		
		<action name="*AttributeFreqMap" class="com.num.generator.action.AttributeFreqMapAction" method="execute">
			<result name="success">attributeFreqMap.jsp</result>
		</action>
		
		<action name="FreqShadowMap" class="com.num.generator.action.FreqShadowMapAction" method="execute">
			<result name="success">freqShadowMap.jsp</result>
		</action>
		
		<action name="AttributeTemperatureMap" class="com.num.generator.action.AttributeTemperatureMapAction" method="execute">
			<result name="success">attributeTempMap.jsp</result>
		</action>
		
		<action name="AttributeCurrentDistanceIndivValue" class="com.num.generator.action.AttributeCurrentDistanceIndivValueAction" method="execute">
			<result name="success">attributesIndivValues.jsp</result>
		</action>
		
		
		
	</package>

	<package extends="struts-default,json-default" name="ajax-package"
		namespace="/ajax">

		<action class="com.num.generator.action.AjaxActions" method="sayHi"
			name="sayHi">
			<result type="json">
			</result>
		</action>
		
		<action class="com.num.generator.action.AjaxActions" method="clearCriteriaResults"
			name="clearResults">
			<result type="json">
			</result>
		</action>

	</package>
</struts>