<?xml version="1.0" encoding="UTF-8"?>
<configuration>

	<appender name="STDOUT" class="ch.qos.logback.core.ConsoleAppender">
		<layout class="ch.qos.logback.classic.PatternLayout">
			<Pattern>
				%d{yyyy-MM-dd HH:mm:ss} [%thread] %-5level %logger{36} - %msg%n
			</Pattern>
		</layout>
	</appender>

	<logger name="com.jul" level="debug" additivity="false">
		<appender-ref ref="STDOUT" />
	</logger>

	<root level="error">
		<appender-ref ref="STDOUT" />
	</root>
	
	 <!--
    	Turn on slow query logging by setting this logger to DEBUG; 
    	set level to TRACE to also log query parameters 
    -->
    <logger name="com.datastax.driver.core.QueryLogger.SLOW" level="INFO" />
   	<logger name="com.datastax.driver.core.QueryLogger.NORMAL" level="INFO" /> 

    
</configuration>